Time,latitude,longitude,depth,mag,magType,nst,gap,dmin,rms,net,id,updated,place,type,horizontalError,depthError,magError,magNst,status,locationSource,magSource
2019-07-06T03:17:13.500Z,35.7453333,-117.5608333,6.5,4.14,ml,27,68,0.07632,0.15,ci,ci37257780,2020-02-06T19:48:24.565Z,"14km W of Searles Valley, CA",earthquake,0.21,0.57,0.095,15,reviewed,ci,ci
2019-07-06T03:16:32.480Z,35.7253333,-117.5535,0.88,4.97,mw,83,35,0.09705,0.19,ci,ci38457487,2020-04-05T23:26:37.030Z,"14km WSW of Searles Valley, CA",earthquake,0.13,0.31,,6,reviewed,ci,ci
2019-07-06T00:51:25.700Z,35.7501667,-117.5841667,6.6,3.67,mlr,70,43,0.06633,0.14,ci,ci38456615,2022-06-16T17:43:58.847Z,"16km W of Searles Valley, CA",earthquake,0.09,0.28,0.188,61,reviewed,ci,ci
2019-07-06T00:13:02.720Z,35.7281667,-117.5618333,3.13,3.5,ml,57,44,0.09208,0.21,ci,ci38456351,2022-06-19T00:29:18.255Z,"15km WSW of Searles Valley, CA",earthquake,0.15,0.63,0.17,38,reviewed,ci,ci
2019-07-05T22:38:23.380Z,35.7755,-117.6036667,2.5,3.07,ml,54,42,0.04046,0.14,ci,ci38455679,2019-09-26T14:30:22.040Z,"18km W of Searles Valley, CA",earthquake,0.11,0.27,0.096,31,reviewed,ci,ci
2019-07-05T17:59:56.230Z,35.793,-117.615,4.01,3.41,ml,62,42,0.02678,0.14,ci,ci38453719,2019-09-26T14:30:21.040Z,"19km W of Searles Valley, CA",earthquake,0.1,0.22,0.134,32,reviewed,ci,ci
2019-07-05T17:02:36.510Z,35.6175,-117.5796667,10.83,3.84,mw,81,33,0.1006,0.15,ci,ci38453279,2019-09-26T14:30:21.040Z,"9km E of Ridgecrest, CA",earthquake,0.09,0.21,,4,reviewed,ci,ci
2019-07-05T15:46:03.860Z,35.6995,-117.4841667,1.41,3,ml,65,23,0.1142,0.13,ci,ci38452607,2019-09-26T14:30:20.040Z,"10km SW of Searles Valley, CA",earthquake,0.09,0.22,0.128,53,reviewed,ci,ci
2019-07-05T14:39:33.450Z,35.7421667,-117.5666667,2.89,3.94,mw,70,44,0.07758,0.15,ci,ci38452095,2019-09-26T14:30:20.040Z,"15km W of Searles Valley, CA",earthquake,0.1,0.26,,6,reviewed,ci,ci
2019-07-05T12:55:04.830Z,35.7515,-117.5643333,7.35,3.65,mw,70,44,0.06955,0.15,ci,ci38451239,2020-06-04T03:27:09.140Z,"15km W of Searles Valley, CA",earthquake,0.1,0.39,,4,reviewed,ci,ci
2019-07-05T12:39:06.080Z,35.6728333,-117.5208333,4.58,3.11,ml,27,79,0.0985,0.18,ci,ci37260292,2020-02-19T20:36:55.293Z,"15km SW of Searles Valley, CA",earthquake,0.23,0.63,0.111,14,reviewed,ci,ci
2019-07-05T12:38:30.020Z,35.7716667,-117.5706667,6.82,4.09,mw,73,44,0.0491,0.14,ci,ci38451079,2019-11-15T17:04:55.384Z,"15km W of Searles Valley, CA",earthquake,0.12,0.34,,6,reviewed,ci,ci
2019-07-05T12:23:57.920Z,35.7238333,-117.5303333,2.98,3.35,ml,66,37,0.1067,0.15,ci,ci38450935,2019-09-26T14:30:19.040Z,"12km WSW of Searles Valley, CA",earthquake,0.09,0.43,0.123,36,reviewed,ci,ci
2019-07-05T11:36:03.920Z,35.7631667,-117.5838333,7.91,3.19,ml,34,55,0.05363,0.19,ci,ci38450511,2019-09-26T14:30:19.040Z,"16km W of Searles Valley, CA",earthquake,0.2,0.67,0.123,277,reviewed,ci,ci
2019-07-05T11:29:14.850Z,35.7723333,-117.57,7.3,3.03,ml,55,44,0.04875,0.13,ci,ci38450415,2019-09-26T14:30:19.040Z,"15km W of Searles Valley, CA",earthquake,0.11,0.4,0.135,34,reviewed,ci,ci
2019-07-05T11:10:09.340Z,35.755,-117.5836667,7,3.03,ml,28,65,0.06165,0.14,ci,ci38450271,2019-09-26T14:30:18.040Z,"16km W of Searles Valley, CA",earthquake,0.19,0.41,0.128,15,reviewed,ci,ci
2019-07-05T11:08:40.190Z,35.7575,-117.5715,7.02,3.75,mlr,24,74,0.06184,0.11,ci,ci37260284,2020-02-19T19:45:13.183Z,"15km W of Searles Valley, CA",earthquake,0.19,0.4,0.13,13,reviewed,ci,ci
2019-07-05T11:07:53.040Z,35.7603333,-117.575,6.95,5.37,mw,79,43,0.05824,0.2,ci,ci38450263,2020-07-14T17:30:09.310Z,"16km W of Searles Valley, CA",earthquake,0.13,0.36,,6,reviewed,ci,ci
2019-07-05T10:59:38.920Z,35.602,-117.5901667,2.82,3.54,mw,77,24,0.1054,0.14,ci,ci38450223,2019-09-26T14:30:18.040Z,"8km ESE of Ridgecrest, CA",earthquake,0.09,0.27,,6,reviewed,ci,ci
2019-07-05T10:16:34.490Z,35.6636667,-117.5026667,6.92,3.1,ml,62,38,0.08376,0.13,ci,ci38449919,2019-09-26T14:30:18.040Z,"15km SW of Searles Valley, CA",earthquake,0.1,0.31,0.137,38,reviewed,ci,ci
2019-07-05T09:46:29.080Z,35.6496667,-117.5481667,2.3,3.62,ml,72,52,0.09423,0.13,ci,ci38449719,2019-09-26T14:30:17.040Z,"12km ENE of Ridgecrest, CA",earthquake,0.08,0.24,0.206,46,reviewed,ci,ci
2019-07-05T08:54:02.480Z,35.704,-117.502,8.66,3.48,ml,72,23,0.1216,0.16,ci,ci38449351,2022-06-16T17:43:42.722Z,"11km SW of Searles Valley, CA",earthquake,0.11,0.34,0.165,38,reviewed,ci,ci
2019-07-05T08:21:04.780Z,35.6023333,-117.6041667,4.46,3.47,ml,66,31,0.1168,0.14,ci,ci38449191,2019-09-26T14:30:17.040Z,"7km ESE of Ridgecrest, CA",earthquake,0.1,0.37,0.154,46,reviewed,ci,ci
2019-07-05T07:39:13.480Z,35.688,-117.4785,10.6,3.46,mlr,74,23,0.1021,0.14,ci,ci38448863,2019-09-26T14:30:17.040Z,"11km SW of Searles Valley, CA",earthquake,0.11,0.23,0.257,18,reviewed,ci,ci
2019-07-05T07:27:37.110Z,35.7503333,-117.5631667,6.89,3.72,mw,72,44,0.07099,0.16,ci,ci38448791,2019-09-26T14:30:17.040Z,"14km W of Searles Valley, CA",earthquake,0.1,0.3,,4,reviewed,ci,ci
2019-07-05T07:02:22.360Z,35.7253333,-117.5646667,2.67,3.23,ml,57,70,0.09408,0.15,ci,ci38448631,2019-09-26T14:30:17.040Z,"15km WSW of Searles Valley, CA",earthquake,0.12,0.33,0.152,38,reviewed,ci,ci
2019-07-05T06:40:42.650Z,35.701,-117.5081667,6.63,3.22,ml,56,35,0.1202,0.13,ci,ci38448487,2019-09-26T14:30:17.040Z,"12km SW of Searles Valley, CA",earthquake,0.11,0.36,0.165,46,reviewed,ci,ci
2019-07-05T06:09:23.110Z,35.6228333,-117.5716667,7.25,3.65,mw,70,37,0.09629,0.13,ci,ci38448295,2022-06-16T17:43:21.240Z,"9km E of Ridgecrest, CA",earthquake,0.09,0.42,,6,reviewed,ci,ci
2019-07-05T05:18:25.380Z,35.769,-117.614,2.55,3.45,mw,59,43,0.04853,0.15,ci,ci38448031,2019-09-26T14:30:16.040Z,"17km NNE of Ridgecrest, CA",earthquake,0.1,0.23,,4,reviewed,ci,ci
2019-07-05T05:10:37.400Z,35.7058333,-117.4781667,2.42,3.2,ml,57,37,0.1198,0.15,ci,ci38447999,2019-09-26T14:30:16.040Z,"10km SW of Searles Valley, CA",earthquake,0.11,0.36,0.151,38,reviewed,ci,ci
2019-07-05T04:14:45.300Z,35.6993333,-117.481,1.16,3.56,ml,62,23,0.1136,0.15,ci,ci38447623,2019-09-26T14:30:16.040Z,"10km SW of Searles Valley, CA",earthquake,0.11,0.22,0.104,38,reviewed,ci,ci
2019-07-05T04:11:38.570Z,35.722,-117.5545,2.02,3.53,mw,71,36,0.09986,0.15,ci,ci38447591,2019-09-26T14:30:16.040Z,"14km WSW of Searles Valley, CA",earthquake,0.1,0.21,,4,reviewed,ci,ci
2019-07-05T03:46:54.410Z,35.6811667,-117.5013333,1.39,3.14,ml,48,63,0.09969,0.14,ci,ci38447391,2019-09-26T14:30:16.040Z,"13km SW of Searles Valley, CA",earthquake,0.14,0.31,0.13,44,reviewed,ci,ci
2019-07-05T03:19:53.570Z,35.655,-117.5221667,1.51,3.41,ml,56,54,0.08402,0.12,ci,ci38447191,2019-09-26T14:30:16.040Z,"14km ENE of Ridgecrest, CA",earthquake,0.1,0.21,0.165,35,reviewed,ci,ci
2019-07-05T03:15:18.700Z,35.6298333,-117.5661667,4.66,3.24,ml,74,36,0.09511,0.13,ci,ci38447143,2019-09-26T14:30:16.040Z,"10km E of Ridgecrest, CA",earthquake,0.08,0.28,0.146,48,reviewed,ci,ci
2019-07-05T02:19:41.890Z,35.7726667,-117.619,2.83,3.26,ml,52,59,0.0464,0.15,ci,ci38446807,2019-09-26T14:30:15.040Z,"18km NNE of Ridgecrest, CA",earthquake,0.12,0.26,0.139,33,reviewed,ci,ci
2019-07-05T02:05:19.180Z,35.6555,-117.5226667,1.93,3.4,ml,53,44,0.08466,0.14,ci,ci38446671,2019-09-26T14:30:15.040Z,"14km ENE of Ridgecrest, CA",earthquake,0.12,0.35,0.125,34,reviewed,ci,ci
2019-07-05T02:01:59.010Z,35.6401667,-117.5461667,11.3,3.98,mw,71,37,0.08688,0.17,ci,ci38446647,2019-09-26T14:30:15.040Z,"12km E of Ridgecrest, CA",earthquake,0.13,0.39,,6,reviewed,ci,ci
2019-07-05T02:01:41.150Z,35.7741667,-117.6165,2.84,3.25,ml,48,53,0.04426,0.13,ci,ci38446639,2019-09-26T14:30:15.040Z,"18km NNE of Ridgecrest, CA",earthquake,0.12,0.29,0.147,25,reviewed,ci,ci
2019-07-05T01:18:13.420Z,35.6583333,-117.5228333,1.85,3.21,ml,67,40,0.08705,0.12,ci,ci38446391,2019-09-26T14:30:15.040Z,"14km ENE of Ridgecrest, CA",earthquake,0.08,0.2,0.124,50,reviewed,ci,ci
2019-07-05T01:08:53.450Z,35.7245,-117.548,1.89,3.11,ml,53,35,0.09955,0.14,ci,ci38446343,2019-09-26T14:30:15.040Z,"14km WSW of Searles Valley, CA",earthquake,0.11,0.24,0.144,51,reviewed,ci,ci
2019-07-05T00:45:39.460Z,35.6946667,-117.5083333,6.22,3.85,mw,79,22,0.1143,0.14,ci,ci38446159,2019-09-26T14:30:15.040Z,"12km SW of Searles Valley, CA",earthquake,0.09,0.36,,5,reviewed,ci,ci
2019-07-05T00:32:06.670Z,35.7033333,-117.4828333,1,4.02,mw,68,23,0.1178,0.14,ci,ci38446071,2020-05-21T01:07:37.714Z,"10km SW of Searles Valley, CA",earthquake,0.1,0.24,,6,reviewed,ci,ci
2019-07-05T00:18:01.410Z,35.7718333,-117.6178333,2.59,4.04,mw,67,43,0.04682,0.14,ci,ci38445975,2019-09-26T14:30:14.040Z,"18km NNE of Ridgecrest, CA",earthquake,0.1,0.24,,6,reviewed,ci,ci
2019-07-04T23:54:36.390Z,35.656,-117.5233333,1.71,3.39,ml,57,54,0.08538,0.12,ci,ci38445839,2019-09-26T14:30:14.040Z,"14km ENE of Ridgecrest, CA",earthquake,0.1,0.25,0.14,39,reviewed,ci,ci
2019-07-04T23:42:33.830Z,35.7478333,-117.5678333,4.36,3.72,mw,55,44,0.07193,0.15,ci,ci38445751,2019-09-26T14:30:14.040Z,"15km W of Searles Valley, CA",earthquake,0.13,0.39,,6,reviewed,ci,ci
2019-07-04T23:34:02.380Z,35.6011667,-117.6106667,4.75,4.04,mw,52,54,0.1219,0.24,ci,ci38445703,2020-05-21T01:06:51.063Z,"6km ESE of Ridgecrest, CA",earthquake,0.23,0.84,,4,reviewed,ci,ci
2019-07-04T23:34:00.630Z,35.6623333,-117.5245,2.61,3.82,ml,30,45,0.09111,0.14,ci,ci37420973,2019-09-26T14:31:03.040Z,"14km ENE of Ridgecrest, CA",earthquake,0.24,0.58,0.203,7,reviewed,ci,ci
2019-07-04T23:13:05.010Z,35.7461667,-117.5775,4.4,3.04,ml,28,66,0.07131,0.13,ci,ci38445503,2019-09-26T14:30:14.040Z,"16km W of Searles Valley, CA",earthquake,0.15,0.41,0.098,24,reviewed,ci,ci
2019-07-04T23:12:40.400Z,35.6731667,-117.4713333,9.01,3.53,ml,50,38,0.0868,0.14,ci,ci38445495,2022-06-19T00:28:53.911Z,"12km SSW of Searles Valley, CA",earthquake,0.13,0.35,0.147,39,reviewed,ci,ci
2019-07-04T22:42:21.780Z,35.7221667,-117.5235,4.41,3.23,ml,61,37,0.1111,0.14,ci,ci38445295,2019-09-26T14:30:14.040Z,"12km WSW of Searles Valley, CA",earthquake,0.1,0.38,0.132,49,reviewed,ci,ci
2019-07-04T22:12:08.490Z,35.7463333,-117.5636667,5.76,4.43,mw,74,44,0.07452,0.15,ci,ci38445087,2020-02-18T22:37:59.513Z,"15km W of Searles Valley, CA",earthquake,0.1,0.42,,6,reviewed,ci,ci
2019-07-04T22:05:22.270Z,35.7115,-117.477,1.32,3.56,ml,39,64,0.1253,0.13,ci,ci37225444,2022-06-18T16:48:02.806Z,"9km SW of Searles Valley, CA",earthquake,0.14,0.3,0.146,41,reviewed,ci,ci
2019-07-04T22:02:35.060Z,35.6768333,-117.5128333,2.88,3.44,ml,68,37,0.09913,0.14,ci,ci38445015,2019-09-26T14:30:13.040Z,"14km SW of Searles Valley, CA",earthquake,0.11,0.3,0.15,45,reviewed,ci,ci
2019-07-04T21:47:04.370Z,35.6335,-117.606,9.67,3.25,ml,60,36,0.1262,0.14,ci,ci38444903,2019-09-26T14:30:13.040Z,"6km ENE of Ridgecrest, CA",earthquake,0.11,0.31,0.12,41,reviewed,ci,ci
2019-07-04T21:40:33.420Z,35.6701667,-117.5181667,1.78,3.44,ml,61,38,0.09512,0.14,ci,ci38444823,2019-09-26T14:30:13.040Z,"15km SW of Searles Valley, CA",earthquake,0.11,0.27,0.152,48,reviewed,ci,ci
2019-07-04T21:33:34.350Z,35.617,-117.5898333,7.45,3.15,ml,59,47,0.1084,0.13,ci,ci38444791,2019-09-26T14:30:13.040Z,"8km E of Ridgecrest, CA",earthquake,0.1,0.51,0.18,41,reviewed,ci,ci
2019-07-04T21:02:55.820Z,35.69,-117.4831667,7.89,3.47,ml,58,38,0.1047,0.14,ci,ci38444543,2019-09-26T14:30:13.040Z,"11km SW of Searles Valley, CA",earthquake,0.12,0.45,0.109,52,reviewed,ci,ci
2019-07-04T20:55:25.070Z,35.7116667,-117.4808333,2.39,3.4,ml,53,64,0.1258,0.15,ci,ci38444487,2022-06-19T00:28:28.154Z,"9km SW of Searles Valley, CA",earthquake,0.12,0.28,0.181,30,reviewed,ci,ci
2019-07-04T20:45:26.710Z,35.7028333,-117.4775,1.31,3.1,ml,49,55,0.1167,0.15,ci,ci38444407,2019-10-29T20:45:59.850Z,"10km SW of Searles Valley, CA",earthquake,0.14,0.36,0.125,29,reviewed,ci,ci
2019-07-04T20:23:09.930Z,35.6408333,-117.5973333,10.39,3.43,ml,62,40,0.1227,0.15,ci,ci38444263,2019-09-26T14:30:13.040Z,"7km ENE of Ridgecrest, CA",earthquake,0.12,0.28,0.179,46,reviewed,ci,ci
2019-07-04T20:17:36.830Z,35.7,-117.4836667,1.25,3.09,ml,49,47,0.1146,0.13,ci,ci38444231,2019-09-26T14:30:13.040Z,"10km SW of Searles Valley, CA",earthquake,0.13,0.3,0.121,45,reviewed,ci,ci
2019-07-04T20:14:50.340Z,35.6991667,-117.5125,5.75,3.99,mlr,74,23,0.1197,0.15,ci,ci38444215,2019-09-26T14:30:13.040Z,"12km SW of Searles Valley, CA",earthquake,0.11,0.45,0.15,333,reviewed,ci,ci
2019-07-04T20:06:08.250Z,35.6991667,-117.4891667,10.27,3.39,ml,57,47,0.1145,0.13,ci,ci38444159,2019-10-28T14:54:48.530Z,"11km SW of Searles Valley, CA",earthquake,0.11,0.28,0.158,42,reviewed,ci,ci
2019-07-04T19:56:25.890Z,35.6636667,-117.5225,2.15,3.27,ml,18,97,0.09134,0.19,ci,ci37260124,2021-02-19T19:16:12.911Z,"15km ENE of Ridgecrest, CA",earthquake,0.27,0.8,0.113,8,reviewed,ci,ci
2019-07-04T19:56:00.500Z,35.6623333,-117.524,1.49,4.16,mw,81,23,0.09089,0.18,ci,ci38444103,2019-09-26T14:30:12.040Z,"14km ENE of Ridgecrest, CA",earthquake,0.1,0.26,,6,reviewed,ci,ci
2019-07-04T19:51:16.980Z,35.71,-117.5561667,2.09,3.35,ml,52,44,0.1107,0.15,ci,ci38444063,2019-09-26T14:30:12.040Z,"15km NE of Ridgecrest, CA",earthquake,0.13,0.28,0.129,37,reviewed,ci,ci
2019-07-04T19:49:04.980Z,35.683,-117.4895,1.04,3.26,ml,51,64,0.09882,0.13,ci,ci38444047,2019-09-26T14:30:12.040Z,"12km SW of Searles Valley, CA",earthquake,0.13,0.31,0.156,46,reviewed,ci,ci
2019-07-04T19:21:32.090Z,35.6715,-117.4788333,5.16,4.5,mw,79,24,0.08589,0.16,ci,ci38443871,2019-09-26T14:30:12.040Z,"13km SSW of Searles Valley, CA",earthquake,0.12,0.39,,4,reviewed,ci,ci
2019-07-04T19:17:58.140Z,35.6268333,-117.601,10.4,3.26,ml,29,49,0.1201,0.19,ci,ci37224620,2019-08-29T19:05:43.477Z,"7km E of Ridgecrest, CA",earthquake,0.23,0.57,0.12,98,reviewed,ci,ci
2019-07-04T19:14:59.490Z,35.6548333,-117.5388333,2.42,3,ml,48,44,0.09245,0.14,ci,ci38443831,2019-10-23T21:40:27.680Z,"13km ENE of Ridgecrest, CA",earthquake,0.12,0.34,0.134,30,reviewed,ci,ci
2019-07-04T19:10:19.820Z,35.694,-117.4901667,1.58,3.29,ml,53,47,0.1097,0.14,ci,ci38443823,2019-09-26T14:30:11.040Z,"11km SW of Searles Valley, CA",earthquake,0.13,0.28,0.115,30,reviewed,ci,ci
2019-07-04T19:01:10.800Z,35.7086667,-117.5565,2.15,3.03,ml,33,58,0.1119,0.2,ci,ci38443759,2019-09-26T14:30:11.040Z,"14km NE of Ridgecrest, CA",earthquake,0.22,0.48,0.1,25,reviewed,ci,ci
2019-07-04T19:00:14.000Z,35.6773333,-117.5523333,5.01,3.14,ml,16,130,0.1429,0.18,ci,ci37231484,2019-10-18T22:25:28.483Z,"13km ENE of Ridgecrest, CA",earthquake,0.65,2.16,0.217,2,reviewed,ci,ci
2019-07-04T19:00:09.670Z,35.7111667,-117.5513333,1.99,3.22,ml,51,58,0.1109,0.15,ci,ci38443751,2022-06-21T05:13:09.242Z,"15km WSW of Searles Valley, CA",earthquake,0.14,0.25,0.111,23,reviewed,ci,ci
2019-07-04T18:57:15.610Z,35.6888333,-117.5293333,5.72,3.22,ml,15,135,0.1158,0.22,ci,ci37230948,2019-10-18T19:43:10.717Z,"14km SW of Searles Valley, CA",earthquake,0.53,2.52,0.163,6,reviewed,ci,ci
2019-07-04T18:56:22.030Z,35.7086667,-117.5541667,1.16,4.21,mlr,18,89,0.1125,0.26,ci,ci37420717,2019-07-31T15:54:21.742Z,"15km NE of Ridgecrest, CA",earthquake,0.38,0.6,0.124,25,reviewed,ci,ci
2019-07-04T18:56:06.420Z,35.716,-117.56,1.92,4.58,mw,82,36,0.1041,0.17,ci,ci38443719,2020-05-21T01:06:05.310Z,"15km NE of Ridgecrest, CA",earthquake,0.09,0.21,,6,reviewed,ci,ci
2019-07-04T18:55:27.680Z,35.6753333,-117.4795,10.71,3.03,ml,25,87,0.08975,0.13,ci,ci38443711,2022-06-21T05:12:45.042Z,"12km SSW of Searles Valley, CA",earthquake,0.23,0.47,0.153,15,reviewed,ci,ci
2019-07-04T18:54:13.990Z,35.5975,-117.5996667,5.33,4.07,mlr,58,30,0.1126,0.13,ci,ci38443703,2020-05-21T01:05:12.109Z,"7km ESE of Ridgecrest, CA",earthquake,0.11,0.66,0.145,334,reviewed,ci,ci
2019-07-04T18:53:27.670Z,35.7285,-117.5605,7.87,3.36,ml,38,57,0.09211,0.13,ci,ci38443695,2019-09-26T14:30:11.040Z,"15km WSW of Searles Valley, CA",earthquake,0.14,0.54,0.153,27,reviewed,ci,ci
2019-07-04T18:53:03.340Z,35.6703333,-117.547,4.9,3.08,ml,18,132,0.1085,0.21,ci,ci37230836,2019-10-18T14:57:45.531Z,"13km ENE of Ridgecrest, CA",earthquake,0.33,0.8,0.146,10,reviewed,ci,ci
2019-07-04T18:50:15.910Z,35.682,-117.4961667,1.26,3.7,mlr,45,54,0.09923,0.19,ci,ci38443671,2019-09-26T14:30:11.040Z,"13km SW of Searles Valley, CA",earthquake,0.17,0.35,0.145,262,reviewed,ci,ci
2019-07-04T18:47:59.170Z,35.6708333,-117.4686667,10.52,3.22,ml,18,113,0.08431,0.15,ci,ci37230564,2019-10-17T20:10:50.342Z,"12km SSW of Searles Valley, CA",earthquake,0.29,0.66,0.088,7,reviewed,ci,ci
2019-07-04T18:47:44.310Z,35.6876667,-117.5146667,7.87,3.33,ml,14,164,0.1096,0.18,ci,ci37230556,2019-10-17T19:50:43.749Z,"13km SW of Searles Valley, CA",earthquake,0.43,1.69,0.094,8,reviewed,ci,ci
2019-07-04T18:47:22.600Z,35.6755,-117.472,10.27,4.02,mlr,22,169,0.08916,0.17,ci,ci37421213,2019-08-28T20:56:31.600Z,"12km SSW of Searles Valley, CA",earthquake,0.34,0.77,0.114,15,reviewed,ci,ci
2019-07-04T18:47:06.590Z,35.6758333,-117.4853333,8.53,4.34,mw,65,47,0.09111,0.16,ci,ci38443647,2019-09-26T14:30:11.040Z,"13km SW of Searles Valley, CA",earthquake,0.14,0.43,,4,reviewed,ci,ci
2019-07-04T18:44:25.000Z,35.719,-117.5586667,2.06,3.09,ml,52,57,0.1016,0.16,ci,ci38443631,2019-09-26T14:30:11.040Z,"15km WSW of Searles Valley, CA",earthquake,0.12,0.26,0.127,183,reviewed,ci,ci
2019-07-04T18:41:14.270Z,35.6763333,-117.5115,2.13,3.07,ml,27,101,0.09822,0.15,ci,ci38443615,2019-09-26T14:30:11.040Z,"14km SW of Searles Valley, CA",earthquake,0.2,0.49,0.144,18,reviewed,ci,ci
2019-07-04T18:40:56.740Z,35.652,-117.5368333,2.03,3.05,ml,26,73,0.08927,0.12,ci,ci37224612,2019-08-28T20:35:58.217Z,"13km ENE of Ridgecrest, CA",earthquake,0.16,0.41,0.064,10,reviewed,ci,ci
2019-07-04T18:39:44.440Z,35.6013333,-117.597,2.81,4.59,mw,48,39,0.1109,0.14,ci,ci38443607,2020-05-21T01:04:23.535Z,"7km ESE of Ridgecrest, CA",earthquake,0.13,0.43,,4,reviewed,ci,ci
2019-07-04T18:28:43.640Z,35.6661667,-117.5656667,7.14,3.75,mlr,45,43,0.1159,0.13,ci,ci38443543,2022-06-16T17:42:59.588Z,"11km ENE of Ridgecrest, CA",earthquake,0.13,0.46,0.143,30,reviewed,ci,ci
2019-07-04T18:27:59.440Z,35.745,-117.5521667,6.64,4.23,mlr,57,44,0.07964,0.15,ci,ci38443535,2019-09-26T14:30:10.040Z,"14km W of Searles Valley, CA",earthquake,0.12,0.41,0.141,43,reviewed,ci,ci
2019-07-04T18:27:26.770Z,35.6748333,-117.5143333,2.68,3.29,ml,40,62,0.09784,0.13,ci,ci38443527,2019-09-26T14:30:10.040Z,"14km SW of Searles Valley, CA",earthquake,0.14,0.39,0.128,31,reviewed,ci,ci
2019-07-04T18:26:03.750Z,35.6638333,-117.5245,2.53,3.13,ml,47,61,0.09236,0.13,ci,ci38443519,2019-09-26T14:30:10.040Z,"14km ENE of Ridgecrest, CA",earthquake,0.13,0.45,0.149,26,reviewed,ci,ci
2019-07-04T18:18:45.720Z,35.638,-117.611,9.43,3.38,ml,61,36,0.1259,0.14,ci,ci38443487,2022-09-24T01:02:03.459Z,"6km ENE of Ridgecrest, CA",earthquake,0.11,0.33,0.141,50,reviewed,ci,ci
2019-07-04T18:15:12.820Z,35.6691667,-117.5203333,1.84,3.23,ml,28,81,0.09512,0.2,ci,ci37420701,2019-08-22T23:22:56.767Z,"15km ENE of Ridgecrest, CA",earthquake,0.22,0.36,0.14,192,reviewed,ci,ci
2019-07-04T18:13:51.400Z,35.7081667,-117.485,6.44,3.5,ml,27,63,0.1228,0.16,ci,ci38443439,2019-09-26T14:31:02.040Z,"10km SW of Searles Valley, CA",earthquake,0.2,0.71,0.178,166,reviewed,ci,ci
2019-07-04T18:12:52.070Z,35.6703333,-117.5605,6.91,3.44,ml,38,58,0.1158,0.14,ci,ci38443431,2019-09-26T14:30:10.040Z,"12km ENE of Ridgecrest, CA",earthquake,0.14,0.49,0.138,92,reviewed,ci,ci
2019-07-04T18:10:32.710Z,35.6598333,-117.5348333,10.25,3.46,ml,43,44,0.09411,0.14,ci,ci38443415,2019-09-26T14:30:10.040Z,"14km ENE of Ridgecrest, CA",earthquake,0.14,0.32,0.13,27,reviewed,ci,ci
2019-07-04T18:08:45.070Z,35.7108333,-117.4768333,1.17,3.55,ml,29,108,0.1246,0.16,ci,ci37223308,2019-09-26T14:31:14.040Z,"9km SW of Searles Valley, CA",earthquake,0.22,0.51,0.123,216,reviewed,ci,ci
2019-07-04T18:08:33.160Z,35.6678333,-117.5061667,2.27,3.38,ml,35,62,0.08871,0.15,ci,ci38443407,2019-09-26T14:31:14.040Z,"14km SW of Searles Valley, CA",earthquake,0.19,0.59,0.147,80,reviewed,ci,ci
2019-07-04T18:07:20.290Z,35.5688333,-117.6365,6.67,3.02,ml,17,121,0.09656,0.2,ci,ci37259964,2020-02-18T19:26:35.760Z,"7km SSE of Ridgecrest, CA",earthquake,0.3,0.9,0.222,4,reviewed,ci,ci
2019-07-04T18:07:10.910Z,35.6508333,-117.542,2.77,3.49,ml,15,145,0.09137,0.12,ci,ci37223244,2019-08-22T00:36:36.328Z,"12km ENE of Ridgecrest, CA",earthquake,0.21,0.56,0.143,6,reviewed,ci,ci
2019-07-04T18:07:09.270Z,35.5991667,-117.6101667,2.12,3.51,mlr,42,37,0.1213,0.18,ci,ci38443391,2022-06-16T17:42:42.698Z,"6km ESE of Ridgecrest, CA",earthquake,0.16,0.31,0.165,49,reviewed,ci,ci
2019-07-04T18:06:16.110Z,35.6606667,-117.523,2.14,3.79,mlr,47,61,0.08905,0.16,ci,ci38443383,2019-09-26T14:30:10.040Z,"14km ENE of Ridgecrest, CA",earthquake,0.14,0.37,0.128,33,reviewed,ci,ci
2019-07-04T18:01:31.230Z,35.5978333,-117.5905,6.79,3.42,ml,24,97,0.1052,0.17,ci,ci37223156,2019-08-21T18:06:24.440Z,"8km ESE of Ridgecrest, CA",earthquake,0.26,0.78,0.152,16,reviewed,ci,ci
2019-07-04T18:01:23.180Z,35.6876667,-117.5085,1.26,3.53,mlr,37,62,0.1078,0.16,ci,ci37422005,2022-06-19T00:26:32.632Z,"13km SW of Searles Valley, CA",earthquake,0.21,0.41,0.163,230,reviewed,ci,ci
2019-07-04T17:58:02.640Z,35.702,-117.5083333,4.77,3.33,ml,39,61,0.1212,0.16,ci,ci38443319,2019-09-26T14:30:10.040Z,"12km SW of Searles Valley, CA",earthquake,0.16,0.6,0.149,37,reviewed,ci,ci
2019-07-04T17:51:46.650Z,35.674,-117.5235,5.3,3.46,mlr,31,61,0.1006,0.14,ci,ci38443287,2019-09-26T14:30:09.040Z,"15km ENE of Ridgecrest, CA",earthquake,0.17,0.91,0.138,307,reviewed,ci,ci
2019-07-04T17:48:15.680Z,35.7053333,-117.5245,5.52,3.11,ml,17,98,0.1252,0.26,ci,ci37222572,2019-08-19T20:12:48.142Z,"13km WSW of Searles Valley, CA",earthquake,0.55,3.94,0.1,11,reviewed,ci,ci
2019-07-04T17:48:03.160Z,35.6365,-117.5518333,6.62,3.27,ml,16,131,0.08845,0.16,ci,ci37222564,2019-08-19T20:04:07.050Z,"11km E of Ridgecrest, CA",earthquake,0.28,0.92,0.184,9,reviewed,ci,ci
2019-07-04T17:47:54.970Z,35.7286667,-117.5606667,5.25,3.4,ml,28,57,0.09191,0.16,ci,ci37222556,2019-09-26T14:30:01.040Z,"15km WSW of Searles Valley, CA",earthquake,0.2,1.28,0.15,21,reviewed,ci,ci
2019-07-04T17:47:40.970Z,35.726,-117.5585,3.58,3.11,ml,26,75,0.095,0.17,ci,ci37222548,2019-08-19T19:55:39.109Z,"15km WSW of Searles Valley, CA",earthquake,0.24,0.67,0.072,16,reviewed,ci,ci
2019-07-04T17:47:17.810Z,35.7455,-117.5465,7.11,3.5,mlr,48,45,0.08144,0.15,ci,ci38443279,2022-06-16T17:42:21.084Z,"13km W of Searles Valley, CA",earthquake,0.13,0.36,0.137,44,reviewed,ci,ci
2019-07-04T17:46:49.960Z,35.6385,-117.6108333,10.97,3.07,ml,35,67,0.1258,0.15,ci,ci38443271,2019-09-26T14:30:09.040Z,"6km ENE of Ridgecrest, CA",earthquake,0.16,0.34,0.143,23,reviewed,ci,ci
2019-07-04T17:45:28.630Z,35.7348333,-117.5368333,10.34,3.21,ml,20,158,0.09462,0.16,ci,ci37222524,2019-08-19T18:09:52.072Z,"12km WSW of Searles Valley, CA",earthquake,0.34,0.64,0.119,16,reviewed,ci,ci
2019-07-04T17:45:23.950Z,35.7151667,-117.5473333,7.21,3.03,ml,20,91,0.1083,0.12,ci,ci37421989,2019-08-19T18:01:31.030Z,"14km WSW of Searles Valley, CA",earthquake,0.29,0.66,0.047,6,reviewed,ci,ci
2019-07-04T17:45:05.780Z,35.6976667,-117.4865,2.24,3.03,ml,19,86,0.1127,0.12,ci,ci37421997,2019-08-19T17:57:12.403Z,"11km SW of Searles Valley, CA",earthquake,0.2,0.35,0.095,11,reviewed,ci,ci
2019-07-04T17:44:32.820Z,35.6875,-117.5071667,1.54,3.86,mlr,65,23,0.1072,0.2,ci,ci38443255,2019-09-26T14:30:09.040Z,"13km SW of Searles Valley, CA",earthquake,0.13,0.35,0.158,244,reviewed,ci,ci
2019-07-04T17:43:29.200Z,35.6783,-117.5488,5.15,3.6,ml,,68,0.115,0.59,us,us70004a0z,2022-06-19T01:15:26.670Z,"12 km ENE of Ridgecrest, California",earthquake,0.8,3.4,0.226,7,reviewed,us,ci
2019-07-04T17:42:54.130Z,35.7301667,-117.5586667,7.84,3.22,ml,37,57,0.09104,0.16,ci,ci38443239,2019-09-26T14:30:09.040Z,"15km WSW of Searles Valley, CA",earthquake,0.16,0.73,0.113,30,reviewed,ci,ci
2019-07-04T17:41:20.850Z,35.7266667,-117.5288333,1.97,3.3,ml,25,95,0.105,0.24,ci,ci37421957,2019-09-26T14:31:14.040Z,"12km WSW of Searles Valley, CA",earthquake,0.35,0.68,0.126,7,reviewed,ci,ci
2019-07-04T17:40:51.720Z,35.6805,-117.4743333,7.09,3.13,ml,7,278,0.1681,0.23,ci,ci37259692,2020-02-15T01:00:40.218Z,"12km SSW of Searles Valley, CA",earthquake,1.63,19.59,0.152,4,reviewed,ci,ci
2019-07-04T17:40:46.140Z,35.7298333,-117.5548333,7.72,3.42,ml,15,89,0.09248,0.16,ci,ci37222516,2019-08-19T17:45:19.256Z,"14km WSW of Searles Valley, CA",earthquake,0.35,1.22,0.065,10,reviewed,ci,ci
2019-07-04T17:40:34.900Z,35.6948333,-117.5018333,2.04,3.54,ml,12,144,0.1128,0.1,ci,ci37222508,2019-08-19T17:37:31.677Z,"12km SW of Searles Valley, CA",earthquake,0.24,0.3,0.108,8,reviewed,ci,ci
2019-07-04T17:40:18.520Z,35.707,-117.5101667,8.66,4.13,mlr,37,61,0.1264,0.16,ci,ci38443231,2020-05-21T01:03:18.515Z,"12km SW of Searles Valley, CA",earthquake,0.18,0.65,0.136,17,reviewed,ci,ci
2019-07-04T17:40:02.250Z,35.7253333,-117.5708333,6.63,3.8,mlr,34,56,0.09278,0.16,ci,ci38443223,2019-09-26T14:30:09.040Z,"15km NE of Ridgecrest, CA",earthquake,0.18,0.59,0.142,34,reviewed,ci,ci
2019-07-04T17:39:51.740Z,35.6715,-117.5453333,2.27,3.11,ml,7,143,0.1085,0.23,ci,ci37259660,2020-02-14T22:31:54.687Z,"13km ENE of Ridgecrest, CA",earthquake,1.05,0.92,0.126,4,reviewed,ci,ci
2019-07-04T17:39:35.360Z,35.6876667,-117.4931667,10.96,3.69,mlr,34,63,0.1041,0.16,ci,ci38443215,2022-06-19T00:28:03.186Z,"12km SW of Searles Valley, CA",earthquake,0.21,0.39,0.194,39,reviewed,ci,ci
2019-07-04T17:39:33.310Z,35.5743333,-117.6366667,6.85,3.11,ml,8,195,0.1016,0.07,ci,ci37222404,2019-08-17T00:00:43.737Z,"6km SE of Ridgecrest, CA",earthquake,0.43,0.75,0.119,2,reviewed,ci,ci
2019-07-04T17:39:05.120Z,35.7168333,-117.6661667,5.17,3.25,ml,9,127,0.07286,0.1,ci,ci37259588,2020-02-14T21:29:30.902Z,"11km N of Ridgecrest, CA",earthquake,0.47,1.32,0.123,3,reviewed,ci,ci
2019-07-04T17:38:57.260Z,35.6698333,-117.5295,1.87,3.43,ml,9,95,0.0996,0.12,ci,ci37256196,2020-02-03T19:19:44.542Z,"14km ENE of Ridgecrest, CA",earthquake,0.34,0.43,0.036,5,reviewed,ci,ci
2019-07-04T17:38:47.760Z,35.6235,-117.596,8.55,3.5,ml,23,97,0.1151,0.14,ci,ci37222396,2021-02-19T19:16:34.113Z,"7km E of Ridgecrest, CA",earthquake,0.21,0.81,0.112,15,reviewed,ci,ci
2019-07-04T17:38:47.500Z,35.6215,-117.5782,9.7,3.5,ml,,,,0.62,us,us70004a0n,2019-09-26T14:30:09.040Z,"8 km E of Ridgecrest, California",earthquake,1.2,6.2,,,reviewed,ci,ci
2019-07-04T17:38:21.450Z,35.714,-117.476,1.74,3.73,mlr,22,88,0.1277,0.16,ci,ci37421941,2019-09-26T14:30:01.040Z,"9km SW of Searles Valley, CA",earthquake,0.24,0.43,0.263,120,reviewed,ci,ci
2019-07-04T17:37:55.500Z,35.7456667,-117.5516667,8.29,3.86,mlr,30,69,0.07924,0.13,ci,ci38443199,2019-09-26T14:30:09.040Z,"14km W of Searles Valley, CA",earthquake,0.17,0.48,0.187,25,reviewed,ci,ci
2019-07-04T17:37:46.320Z,35.6811667,-117.5261667,6.83,3.24,ml,7,135,0.1079,0.11,ci,ci37259580,2020-02-14T21:03:10.275Z,"15km SW of Searles Valley, CA",earthquake,0.46,1.37,0.086,3,reviewed,ci,ci
2019-07-04T17:37:25.640Z,35.6758333,-117.4575,15.82,4.01,mlr,27,66,0.08922,0.22,ci,ci37218996,2020-05-21T00:52:25.314Z,"11km SSW of Searles Valley, CA",earthquake,0.36,0.87,0.136,20,reviewed,ci,ci
2019-07-04T17:37:14.850Z,35.6655,-117.516,1.64,3.97,mlr,22,65,0.09019,0.16,ci,ci37222364,2019-09-26T14:30:00.040Z,"15km SW of Searles Valley, CA",earthquake,0.23,0.45,0.18,13,reviewed,ci,ci
2019-07-04T17:37:01.140Z,35.7105,-117.4773333,1.57,3.66,mlr,22,85,0.1243,0.12,ci,ci37222372,2019-09-26T14:30:01.040Z,"9km SW of Searles Valley, CA",earthquake,0.19,0.37,0.165,15,reviewed,ci,ci
2019-07-04T17:36:58.950Z,35.7258333,-117.5593333,5.3,3.41,ml,21,88,0.09493,0.11,ci,ci37222380,2019-08-16T20:30:44.430Z,"15km WSW of Searles Valley, CA",earthquake,0.24,1.24,0.101,6,reviewed,ci,ci
2019-07-04T17:36:04.360Z,35.7341667,-117.5741667,6.41,3.94,mlr,15,100,0.08358,0.19,ci,ci37255980,2020-02-14T20:02:47.885Z,"16km NE of Ridgecrest, CA",earthquake,0.38,1.03,0.135,6,reviewed,ci,ci
2019-07-04T17:35:52.170Z,35.687,-117.5061667,1.6,4.28,mlr,28,82,0.1065,0.15,ci,ci37218988,2019-09-26T14:30:00.040Z,"13km SW of Searles Valley, CA",earthquake,0.2,0.33,0.119,22,reviewed,ci,ci
2019-07-04T17:35:46.340Z,35.6936667,-117.437,7.65,3.63,ml,15,212,0.1786,0.14,ci,ci37222356,2020-02-03T19:40:42.355Z,"9km SSW of Searles Valley, CA",earthquake,0.64,2.11,0.065,2,reviewed,ci,ci
2019-07-04T17:35:17.430Z,35.6886667,-117.474,6.48,3.93,mlr,17,175,0.1024,0.15,ci,ci37255940,2020-02-14T01:18:09.526Z,"11km SW of Searles Valley, CA",earthquake,0.44,1.07,0.108,5,reviewed,ci,ci
2019-07-04T17:35:01.660Z,35.644,-117.5671667,4.64,4.49,mlr,41,74,0.103,0.15,ci,ci38443191,2022-06-19T00:27:31.177Z,"10km ENE of Ridgecrest, CA",earthquake,0.15,0.46,0.132,9,reviewed,ci,ci
2019-07-04T17:33:49.000Z,35.7053333,-117.5038333,10.5,6.4,mw,62,47,0.1233,0.16,ci,ci38443183,2023-11-21T19:13:15.781Z,"Ridgecrest Earthquake Sequence",earthquake,0.15,0.36,,6,reviewed,ci,ci
2019-07-04T17:02:55.340Z,35.7081667,-117.5036667,10.6,3.98,mw,82,23,0.126,0.16,ci,ci38443095,2022-01-13T05:24:16.222Z,"11km SW of Searles Valley, CA",earthquake,0.11,0.25,,6,reviewed,ci,ci
2019-06-16T01:48:53.270Z,36.1141667,-117.673,2.44,3.26,ml,40,39,0.07826,0.15,ci,ci38644688,2019-09-06T14:25:12.040Z,"26km ENE of Coso Junction, CA",earthquake,0.14,0.32,0.106,262,reviewed,ci,ci
2019-05-22T06:53:56.260Z,36.1191667,-117.6705,2.14,3.32,ml,42,39,0.0732,0.16,ci,ci38601472,2019-08-13T14:30:29.040Z,"26km ENE of Coso Junction, CA",earthquake,0.15,0.29,0.117,257,reviewed,ci,ci
2019-05-13T20:45:26.940Z,36.1205,-117.6701667,2.15,3.08,ml,47,39,0.07186,0.17,ci,ci38592680,2022-08-08T13:40:20.001Z,"26km ENE of Coso Junction, CA",earthquake,0.14,0.3,0.152,210,reviewed,ci,ci
2019-03-20T12:06:02.360Z,36.068,-117.6853333,0.19,3.2,ml,37,30,0.07758,0.2,ci,ci38277999,2019-06-06T18:54:05.040Z,"24km E of Coso Junction, CA",earthquake,0.18,0.33,0.133,240,reviewed,ci,ci
2019-01-31T03:13:36.090Z,35.365,-117.8708333,2.65,3.17,ml,51,41,0.09949,0.19,ci,ci38213159,2019-04-18T19:09:25.040Z,"21km W of Johannesburg, CA",earthquake,0.16,0.46,0.145,276,reviewed,ci,ci
2018-12-17T02:52:01.740Z,35.9568333,-116.7345,-0.34,3.62,ml,32,62,0.2346,0.19,ci,ci38164815,2019-02-23T20:20:50.040Z,"42km W of Shoshone, CA",earthquake,0.2,0.6,0.125,312,reviewed,ci,ci
2018-12-05T22:10:06.190Z,35.7286667,-117.0745,1.68,3.73,mw,54,38,0.2346,0.14,ci,ci38386992,2019-02-16T19:52:25.040Z,"28km E of Trona, CA",earthquake,0.12,0.49,,6,reviewed,ci,ci
2018-12-05T21:40:16.620Z,35.7303333,-117.0776667,0.84,4.2,mw,60,34,0.2316,0.17,ci,ci38386960,2019-02-16T19:52:25.040Z,"28km E of Trona, CA",earthquake,0.13,0.61,,6,reviewed,ci,ci
